{"v":"5.5.7","meta":{"g":"LottieFiles AE 0.1.20","a":"","k":"","d":"","tc":""},"fr":30,"ip":0,"op":133,"w":800,"h":480,"nm":"Comp 4","ddd":0,"assets":[],"layers":[{"ddd":0,"ind":1,"ty":4,"nm":"Shape Layer 2","sr":1,"ks":{"o":{"a":0,"k":100,"ix":11},"r":{"a":0,"k":0,"ix":10},"p":{"a":0,"k":[400.047,240.014,0],"ix":2},"a":{"a":0,"k":[0,0,0],"ix":1},"s":{"a":1,"k":[{"i":{"x":[0.833,0.833,0.833],"y":[0.833,0.833,0.833]},"o":{"x":[0.167,0.167,0.167],"y":[0.167,0.167,0.167]},"t":0,"s":[94.001,45.057,100]},{"i":{"x":[0.833,0.833,0.833],"y":[0.833,0.833,0.833]},"o":{"x":[0.167,0.167,0.167],"y":[0.167,0.167,0.167]},"t":37,"s":[122.996,73.361,100]},{"t":83,"s":[358.769,90.01,100]}],"ix":6}},"ao":0,"shapes":[{"ty":"gr","it":[{"ind":0,"ty":"sh","ix":1,"ks":{"a":1,"k":[{"i":{"x":0.833,"y":0.833},"o":{"x":0.167,"y":0.167},"t":0,"s":[{"i":[[0,0],[0.678,-27.487],[0,0],[-133.541,0.021],[0,0],[0.011,28.422],[0,0],[133.397,0.021]],"o":[[0,0],[-0.677,27.438],[0,0],[133.456,-0.021],[0,0],[-0.012,-30.392],[0,0],[-133.586,-0.021]],"v":[[-400,-60.062],[-410.885,-0.25],[-400.125,60],[0,40],[399.875,59.875],[410.51,-0.125],[399.937,-59.938],[0.25,-39.875]],"c":true}]},{"i":{"x":0.833,"y":0.833},"o":{"x":0.167,"y":0.167},"t":46,"s":[{"i":[[0,0],[0.678,-27.487],[0,0],[-133.541,0.021],[0,0],[0.011,28.422],[0,0],[133.397,0.021]],"o":[[0,0],[-0.677,27.438],[0,0],[133.456,-0.021],[0,0],[-0.012,-30.392],[0,0],[-133.586,-0.021]],"v":[[-400,-60.062],[-410.885,-0.25],[-400.125,60],[0,28.89],[399.875,59.875],[410.51,-0.125],[399.937,-59.938],[0.25,-28.765]],"c":true}]},{"t":87,"s":[{"i":[[0,0],[0.678,-27.487],[0,0],[-133.541,0.021],[0,0],[0.011,28.422],[0,0],[133.397,0.021]],"o":[[0,0],[-0.677,27.438],[0,0],[133.456,-0.021],[0,0],[-0.012,-30.392],[0,0],[-133.586,-0.021]],"v":[[-400,-60.062],[-410.885,-0.25],[-400.125,60],[0,40],[399.875,59.875],[410.51,-0.125],[399.937,-59.938],[0.25,-39.875]],"c":true}]}],"ix":2},"nm":"Path 1","mn":"ADBE Vector Shape - Group","hd":false},{"ty":"gf","o":{"a":0,"k":100,"ix":10},"r":1,"bm":0,"g":{"p":5,"k":{"a":1,"k":[{"i":{"x":0.833,"y":0.833},"o":{"x":0.167,"y":0.167},"t":0,"s":[0,0.725,1,0.969,0.25,0.725,1,0.969,0.5,0.725,1,0.969,0.75,0.725,1,0.969,1,0.725,1,0.969,0,1,0.15,0.5,0.5,0,0.85,0.5,1,1]},{"i":{"x":0.833,"y":0.833},"o":{"x":0.167,"y":0.167},"t":80,"s":[0,0.725,1,0.969,0.25,0.725,1,0.969,0.5,0.725,1,0.969,0.75,0.725,1,0.969,1,0.725,1,0.969,0,1,0.15,0.5,0.5,0,0.85,0.5,1,1]},{"t":88,"s":[0,1,0.8,0.725,0.25,0.863,0.9,0.847,0.5,0.725,1,0.969,0.75,0.863,0.9,0.847,1,1,0.8,0.725,0,1,0.15,0.5,0.5,0,0.85,0.5,1,1]}],"ix":9}},"s":{"a":0,"k":[-404.483,-0.364],"ix":5},"e":{"a":0,"k":[412.41,0.035],"ix":6},"t":1,"nm":"Gradient Fill 1","mn":"ADBE Vector Graphic - G-Fill","hd":false},{"ty":"tr","p":{"a":0,"k":[0,0],"ix":2},"a":{"a":0,"k":[0,0],"ix":1},"s":{"a":0,"k":[25.008,100],"ix":3},"r":{"a":0,"k":0,"ix":6},"o":{"a":0,"k":100,"ix":7},"sk":{"a":0,"k":0,"ix":4},"sa":{"a":0,"k":0,"ix":5},"nm":"Transform"}],"nm":"Shape 1","np":3,"cix":2,"bm":0,"ix":1,"mn":"ADBE Vector Group","hd":false}],"ip":0,"op":9000,"st":0,"bm":0}],"markers":[]}